Date,Category,Amount,Type
02-01-2020,Food & Drink,1485.69,Expense
02-01-2020,Utilities,1475.58,Expense
04-01-2020,Rent,1185.08,Expense
05-01-2020,Investment,2291,Income
13-01-2020,Food & Drink,1126.88,Expense
14-01-2020,Shopping,448.68,Expense
18-01-2020,Food & Drink,1520.03,Expense
19-01-2020,Other,3287,Income
21-01-2020,Entertainment,1914.85,Expense
25-01-2020,Rent,766.06,Expense
25-01-2020,Health & Fitness,1211.41,Expense
26-01-2020,Salary,1077.09,Expense
29-01-2020,Shopping,166.81,Expense
30-01-2020,Health & Fitness,1158.93,Expense
31-01-2020,Food & Drink,1325.91,Expense
31-01-2020,Rent,1712.08,Expense
31-01-2020,Shopping,563.17,Expense
02-02-2020,Health & Fitness,333.68,Expense
04-02-2020,Travel,1406.62,Expense
05-02-2020,Rent,1222.17,Expense
05-02-2020,Investment,1838,Income
07-02-2020,Travel,1979.15,Expense
07-02-2020,Entertainment,1372.38,Expense
08-02-2020,Food & Drink,465.81,Expense
08-02-2020,Other,3786,Income
09-02-2020,Entertainment,1827.14,Expense
11-02-2020,Health & Fitness,433.13,Expense
13-02-2020,Salary,294.31,Expense
15-02-2020,Other,4009,Income
16-02-2020,Shopping,730.37,Expense
16-02-2020,Utilities,1023.96,Expense
18-02-2020,Investment,1398,Income
19-02-2020,Investment,3958,Income
20-02-2020,Shopping,769.42,Expense
26-02-2020,Travel,1942.45,Expense
27-02-2020,Food & Drink,1363.76,Expense
28-02-2020,Other,3286,Income
28-02-2020,Other,1795,Income
29-02-2020,Travel,1944.06,Expense
03-03-2020,Rent,1742.33,Expense
04-03-2020,Entertainment,314.15,Expense
04-03-2020,Food & Drink,1201.9,Expense
09-03-2020,Rent,1858.91,Expense
09-03-2020,Travel,486.51,Expense
11-03-2020,Rent,180.45,Expense
11-03-2020,Rent,1956.19,Expense
12-03-2020,Utilities,265.5,Expense
12-03-2020,Utilities,537.46,Expense
14-03-2020,Shopping,1929.08,Expense
15-03-2020,Entertainment,1428.77,Expense
18-03-2020,Health & Fitness,881.82,Expense
21-03-2020,Rent,503.33,Expense
23-03-2020,Investment,2385,Income
23-03-2020,Food & Drink,151.28,Expense
24-03-2020,Entertainment,144.13,Expense
28-03-2020,Other,1080,Income
01-04-2020,Travel,1341.27,Expense
05-04-2020,Utilities,1449.47,Expense
06-04-2020,Salary,493.56,Expense
06-04-2020,Shopping,388.92,Expense
10-04-2020,Other,3402,Income
17-04-2020,Salary,1729.04,Expense
17-04-2020,Investment,996,Income
18-04-2020,Health & Fitness,1603.18,Expense
22-04-2020,Investment,2058,Income
23-04-2020,Utilities,849.54,Expense
25-04-2020,Entertainment,1750.23,Expense
26-04-2020,Investment,914,Income
26-04-2020,Food & Drink,1938.3,Expense
27-04-2020,Entertainment,340.96,Expense
27-04-2020,Entertainment,1730.65,Expense
29-04-2020,Utilities,764.16,Expense
30-04-2020,Travel,1853.77,Expense
01-05-2020,Travel,851.78,Expense
03-05-2020,Salary,318.05,Expense
03-05-2020,Food & Drink,1162.57,Expense
05-05-2020,Health & Fitness,123.76,Expense
06-05-2020,Utilities,123.19,Expense
06-05-2020,Utilities,146.36,Expense
07-05-2020,Investment,3807,Income
11-05-2020,Investment,825,Income
12-05-2020,Shopping,1318.17,Expense
13-05-2020,Health & Fitness,1870.07,Expense
14-05-2020,Health & Fitness,484.99,Expense
15-05-2020,Travel,919.88,Expense
16-05-2020,Rent,28.54,Expense
17-05-2020,Rent,155.79,Expense
19-05-2020,Travel,273.59,Expense
20-05-2020,Rent,1759.75,Expense
21-05-2020,Utilities,881.99,Expense
25-05-2020,Travel,1227.24,Expense
27-05-2020,Food & Drink,1339.05,Expense
28-05-2020,Rent,1878.47,Expense
29-05-2020,Investment,1376,Income
30-05-2020,Utilities,551.97,Expense
31-05-2020,Health & Fitness,415.16,Expense
31-05-2020,Travel,1015.76,Expense
01-06-2020,Food & Drink,193.67,Expense
02-06-2020,Travel,97.73,Expense
05-06-2020,Utilities,1277.86,Expense
06-06-2020,Salary,1107.84,Expense
07-06-2020,Food & Drink,232.63,Expense
08-06-2020,Utilities,1095.72,Expense
09-06-2020,Utilities,865.28,Expense
09-06-2020,Other,826,Income
10-06-2020,Entertainment,1367.31,Expense
10-06-2020,Health & Fitness,1562.43,Expense
11-06-2020,Shopping,1947.94,Expense
11-06-2020,Entertainment,1730.57,Expense
12-06-2020,Utilities,1764.02,Expense
14-06-2020,Other,3872,Income
15-06-2020,Entertainment,540.94,Expense
18-06-2020,Rent,771.26,Expense
18-06-2020,Other,2322,Income
18-06-2020,Other,3364,Income
19-06-2020,Entertainment,453.62,Expense
19-06-2020,Shopping,663.24,Expense
21-06-2020,Travel,708.78,Expense
21-06-2020,Health & Fitness,1879.08,Expense
22-06-2020,Other,1962,Income
22-06-2020,Travel,86.13,Expense
24-06-2020,Health & Fitness,1459.8,Expense
30-06-2020,Rent,776.54,Expense
30-06-2020,Travel,98.33,Expense
02-07-2020,Entertainment,734.8,Expense
03-07-2020,Other,3071,Income
04-07-2020,Rent,1442.31,Expense
05-07-2020,Travel,1337.12,Expense
06-07-2020,Travel,1113.28,Expense
06-07-2020,Other,1925,Income
08-07-2020,Travel,818.09,Expense
11-07-2020,Travel,580.96,Expense
12-07-2020,Health & Fitness,935.33,Expense
12-07-2020,Entertainment,1027.24,Expense
13-07-2020,Utilities,1321.11,Expense
17-07-2020,Health & Fitness,195.84,Expense
20-07-2020,Entertainment,1348.86,Expense
21-07-2020,Entertainment,303.23,Expense
21-07-2020,Other,1096,Income
22-07-2020,Entertainment,1439.51,Expense
22-07-2020,Shopping,495.53,Expense
22-07-2020,Food & Drink,1786.39,Expense
23-07-2020,Rent,1559.06,Expense
24-07-2020,Salary,109.93,Expense
28-07-2020,Rent,918.36,Expense
28-07-2020,Health & Fitness,1900.58,Expense
29-07-2020,Shopping,1662.83,Expense
30-07-2020,Utilities,1489.87,Expense
31-07-2020,Travel,1506.04,Expense
01-08-2020,Travel,1533.97,Expense
01-08-2020,Entertainment,556.45,Expense
01-08-2020,Other,2420,Income
02-08-2020,Health & Fitness,1787.12,Expense
03-08-2020,Investment,2394,Income
04-08-2020,Utilities,1415.77,Expense
04-08-2020,Other,3210,Income
04-08-2020,Shopping,133.91,Expense
05-08-2020,Shopping,1810.63,Expense
05-08-2020,Food & Drink,1714.9,Expense
06-08-2020,Shopping,959.19,Expense
08-08-2020,Travel,1509.42,Expense
08-08-2020,Shopping,1081.06,Expense
09-08-2020,Entertainment,981.58,Expense
13-08-2020,Salary,67.76,Expense
14-08-2020,Shopping,1451.12,Expense
16-08-2020,Utilities,1961.64,Expense
17-08-2020,Shopping,1187.87,Expense
18-08-2020,Rent,1289.07,Expense
19-08-2020,Other,1988,Income
20-08-2020,Other,3181,Income
21-08-2020,Health & Fitness,681.63,Expense
21-08-2020,Travel,1506.5,Expense
22-08-2020,Travel,1671.47,Expense
22-08-2020,Food & Drink,1999.82,Expense
26-08-2020,Rent,1564.65,Expense
27-08-2020,Food & Drink,1899.73,Expense
27-08-2020,Investment,1748,Income
29-08-2020,Salary,1342.22,Expense
30-08-2020,Entertainment,935.42,Expense
31-08-2020,Health & Fitness,343.9,Expense
01-09-2020,Rent,1557.81,Expense
05-09-2020,Other,1385,Income
05-09-2020,Travel,1155.84,Expense
06-09-2020,Shopping,799.34,Expense
07-09-2020,Rent,1188.27,Expense
08-09-2020,Entertainment,212.78,Expense
11-09-2020,Rent,1594.49,Expense
11-09-2020,Food & Drink,700.94,Expense
11-09-2020,Health & Fitness,147.22,Expense
16-09-2020,Food & Drink,1700.66,Expense
17-09-2020,Rent,872.71,Expense
17-09-2020,Salary,1417.54,Expense
18-09-2020,Travel,1235.67,Expense
18-09-2020,Salary,935.1,Expense
22-09-2020,Travel,651.39,Expense
22-09-2020,Rent,565.07,Expense
22-09-2020,Salary,1144,Expense
23-09-2020,Health & Fitness,67.11,Expense
23-09-2020,Utilities,980.22,Expense
25-09-2020,Travel,687.27,Expense
27-09-2020,Travel,1116.02,Expense
27-09-2020,Entertainment,180.37,Expense
27-09-2020,Salary,1114.8,Expense
29-09-2020,Salary,1295.35,Expense
30-09-2020,Food & Drink,195.18,Expense
01-10-2020,Entertainment,619.35,Expense
03-10-2020,Salary,1111.41,Expense
04-10-2020,Health & Fitness,710.1,Expense
07-10-2020,Travel,510.29,Expense
07-10-2020,Investment,3084,Income
07-10-2020,Investment,2069,Income
08-10-2020,Salary,560.23,Expense
08-10-2020,Travel,1961.22,Expense
10-10-2020,Travel,462.69,Expense
10-10-2020,Investment,4875,Income
10-10-2020,Investment,946,Income
12-10-2020,Utilities,1279.36,Expense
14-10-2020,Rent,1746.71,Expense
15-10-2020,Salary,962.64,Expense
16-10-2020,Food & Drink,512.43,Expense
16-10-2020,Rent,1646.01,Expense
16-10-2020,Rent,1158.27,Expense
18-10-2020,Utilities,306.9,Expense
19-10-2020,Travel,179.51,Expense
23-10-2020,Shopping,1216.57,Expense
24-10-2020,Entertainment,1553.63,Expense
26-10-2020,Salary,601.73,Expense
27-10-2020,Shopping,617.71,Expense
27-10-2020,Rent,1895.7,Expense
27-10-2020,Entertainment,536.65,Expense
28-10-2020,Investment,1923,Income
29-10-2020,Utilities,15.32,Expense
30-10-2020,Salary,589.61,Expense
31-10-2020,Travel,1408.95,Expense
01-11-2020,Entertainment,1848.58,Expense
01-11-2020,Entertainment,856.03,Expense
02-11-2020,Utilities,1817.74,Expense
04-11-2020,Rent,128.68,Expense
06-11-2020,Travel,883.92,Expense
07-11-2020,Travel,1402.47,Expense
09-11-2020,Salary,881.14,Expense
10-11-2020,Shopping,1471.72,Expense
10-11-2020,Food & Drink,191.74,Expense
12-11-2020,Food & Drink,1999.15,Expense
12-11-2020,Travel,1156.73,Expense
14-11-2020,Utilities,946.3,Expense
14-11-2020,Travel,371.16,Expense
14-11-2020,Salary,1938.42,Expense
14-11-2020,Shopping,673.28,Expense
15-11-2020,Utilities,666.31,Expense
15-11-2020,Travel,1328.54,Expense
16-11-2020,Food & Drink,915.1,Expense
16-11-2020,Health & Fitness,240.68,Expense
17-11-2020,Food & Drink,1318.74,Expense
20-11-2020,Shopping,117.87,Expense
22-11-2020,Salary,1254.56,Expense
23-11-2020,Entertainment,541.44,Expense
25-11-2020,Other,4089,Income
25-11-2020,Salary,251.64,Expense
26-11-2020,Entertainment,1422.47,Expense
27-11-2020,Food & Drink,1108.98,Expense
27-11-2020,Investment,4280,Income
29-11-2020,Utilities,1001.77,Expense
01-12-2020,Travel,836.83,Expense
05-12-2020,Salary,495.02,Expense
05-12-2020,Shopping,389.31,Expense
06-12-2020,Utilities,1729.41,Expense
10-12-2020,Shopping,686.35,Expense
10-12-2020,Travel,1642.89,Expense
11-12-2020,Travel,1676.58,Expense
12-12-2020,Salary,1731.87,Expense
13-12-2020,Salary,696.8,Expense
14-12-2020,Shopping,916.14,Expense
14-12-2020,Entertainment,1961.74,Expense
16-12-2020,Shopping,474.79,Expense
16-12-2020,Food & Drink,643.17,Expense
16-12-2020,Shopping,778.3,Expense
18-12-2020,Utilities,995.7,Expense
18-12-2020,Other,1322,Income
20-12-2020,Salary,208.43,Expense
20-12-2020,Food & Drink,1447.66,Expense
22-12-2020,Utilities,158.91,Expense
23-12-2020,Travel,683.74,Expense
23-12-2020,Rent,1705.01,Expense
24-12-2020,Shopping,1908.74,Expense
25-12-2020,Salary,1746.04,Expense
26-12-2020,Investment,2423,Income
28-12-2020,Travel,1994.88,Expense
30-12-2020,Shopping,1956.89,Expense
31-12-2020,Rent,892.92,Expense
01-01-2021,Food & Drink,101.52,Expense
06-01-2021,Travel,723.34,Expense
06-01-2021,Entertainment,1067.02,Expense
08-01-2021,Utilities,348.27,Expense
10-01-2021,Other,2472,Income
10-01-2021,Utilities,472.06,Expense
11-01-2021,Salary,518.1,Expense
12-01-2021,Other,2856,Income
13-01-2021,Utilities,156.99,Expense
13-01-2021,Travel,1281.49,Expense
14-01-2021,Travel,919.1,Expense
14-01-2021,Shopping,1708.14,Expense
15-01-2021,Other,3440,Income
15-01-2021,Travel,53.66,Expense
17-01-2021,Shopping,556.22,Expense
17-01-2021,Food & Drink,1822.13,Expense
19-01-2021,Travel,1553.72,Expense
20-01-2021,Health & Fitness,445.82,Expense
24-01-2021,Other,1620,Income
26-01-2021,Food & Drink,624.78,Expense
27-01-2021,Health & Fitness,1467.4,Expense
27-01-2021,Other,3176,Income
27-01-2021,Utilities,409.58,Expense
27-01-2021,Health & Fitness,1066.4,Expense
29-01-2021,Utilities,521.37,Expense
02-02-2021,Salary,1935.09,Expense
05-02-2021,Health & Fitness,1610.42,Expense
05-02-2021,Rent,290.11,Expense
08-02-2021,Shopping,1934.87,Expense
08-02-2021,Health & Fitness,189.7,Expense
09-02-2021,Travel,1077.78,Expense
09-02-2021,Travel,1173.27,Expense
11-02-2021,Health & Fitness,225.61,Expense
11-02-2021,Food & Drink,1242.9,Expense
13-02-2021,Health & Fitness,1831.36,Expense
16-02-2021,Rent,1274.45,Expense
18-02-2021,Travel,1301.99,Expense
19-02-2021,Investment,804,Income
20-02-2021,Salary,241.08,Expense
21-02-2021,Utilities,783.41,Expense
23-02-2021,Shopping,1178.81,Expense
24-02-2021,Shopping,1313.29,Expense
27-02-2021,Shopping,1878.72,Expense
28-02-2021,Health & Fitness,442.37,Expense
02-03-2021,Entertainment,1712.35,Expense
02-03-2021,Other,4960,Income
02-03-2021,Health & Fitness,130.49,Expense
04-03-2021,Rent,1898.53,Expense
05-03-2021,Rent,1328.91,Expense
05-03-2021,Food & Drink,110.65,Expense
07-03-2021,Utilities,1576.09,Expense
07-03-2021,Entertainment,1176.9,Expense
08-03-2021,Entertainment,663.83,Expense
09-03-2021,Investment,2771,Income
09-03-2021,Utilities,1975.18,Expense
10-03-2021,Utilities,228.75,Expense
12-03-2021,Utilities,39.57,Expense
15-03-2021,Entertainment,1181.82,Expense
15-03-2021,Other,929,Income
16-03-2021,Other,4809,Income
16-03-2021,Investment,4401,Income
17-03-2021,Health & Fitness,1031.34,Expense
17-03-2021,Investment,855,Income
18-03-2021,Travel,921.5,Expense
19-03-2021,Food & Drink,1997.19,Expense
20-03-2021,Shopping,1375.33,Expense
21-03-2021,Salary,156.25,Expense
22-03-2021,Investment,1038,Income
22-03-2021,Other,3620,Income
22-03-2021,Travel,912.89,Expense
23-03-2021,Rent,1588.26,Expense
23-03-2021,Investment,4023,Income
24-03-2021,Entertainment,833.49,Expense
25-03-2021,Shopping,837.82,Expense
26-03-2021,Other,3060,Income
27-03-2021,Health & Fitness,1907.65,Expense
28-03-2021,Salary,143.6,Expense
29-03-2021,Rent,869.43,Expense
30-03-2021,Health & Fitness,1625.42,Expense
01-04-2021,Health & Fitness,1343.33,Expense
02-04-2021,Shopping,1737.5,Expense
03-04-2021,Travel,1204.82,Expense
03-04-2021,Entertainment,317.91,Expense
03-04-2021,Rent,706.73,Expense
08-04-2021,Rent,1527.59,Expense
08-04-2021,Shopping,1691.86,Expense
09-04-2021,Food & Drink,1221.9,Expense
11-04-2021,Travel,67.62,Expense
11-04-2021,Travel,1843.86,Expense
12-04-2021,Utilities,1741.03,Expense
13-04-2021,Shopping,148.47,Expense
18-04-2021,Food & Drink,192.6,Expense
19-04-2021,Shopping,845.47,Expense
19-04-2021,Health & Fitness,630.16,Expense
19-04-2021,Rent,1767.85,Expense
19-04-2021,Investment,1168,Income
21-04-2021,Shopping,976.47,Expense
23-04-2021,Travel,438.98,Expense
23-04-2021,Health & Fitness,865.53,Expense
24-04-2021,Salary,1058.6,Expense
27-04-2021,Entertainment,796.57,Expense
27-04-2021,Food & Drink,416.8,Expense
27-04-2021,Utilities,1530.68,Expense
30-04-2021,Rent,25.38,Expense
02-05-2021,Utilities,267.08,Expense
04-05-2021,Entertainment,1005.52,Expense
04-05-2021,Health & Fitness,153.43,Expense
06-05-2021,Food & Drink,878.08,Expense
07-05-2021,Rent,1725.6,Expense
07-05-2021,Shopping,1421.9,Expense
07-05-2021,Rent,816.01,Expense
10-05-2021,Utilities,1604.63,Expense
11-05-2021,Health & Fitness,185.38,Expense
11-05-2021,Entertainment,877,Expense
12-05-2021,Rent,797.58,Expense
14-05-2021,Health & Fitness,450.93,Expense
14-05-2021,Rent,1025.86,Expense
15-05-2021,Investment,3362,Income
17-05-2021,Utilities,480.18,Expense
19-05-2021,Investment,1921,Income
22-05-2021,Rent,362.52,Expense
23-05-2021,Salary,933.27,Expense
24-05-2021,Salary,1365.46,Expense
24-05-2021,Health & Fitness,1729.85,Expense
24-05-2021,Utilities,885.13,Expense
25-05-2021,Travel,1594.7,Expense
25-05-2021,Health & Fitness,1019.6,Expense
27-05-2021,Salary,84.84,Expense
27-05-2021,Travel,162.69,Expense
29-05-2021,Rent,1233.87,Expense
30-05-2021,Salary,1164.86,Expense
31-05-2021,Food & Drink,904.97,Expense
31-05-2021,Entertainment,649.84,Expense
02-06-2021,Utilities,1915.87,Expense
02-06-2021,Health & Fitness,1964.95,Expense
03-06-2021,Investment,820,Income
06-06-2021,Salary,1982.06,Expense
06-06-2021,Utilities,734.16,Expense
06-06-2021,Shopping,823.45,Expense
09-06-2021,Food & Drink,1580.56,Expense
11-06-2021,Rent,666.08,Expense
11-06-2021,Shopping,575.45,Expense
14-06-2021,Utilities,673.39,Expense
15-06-2021,Utilities,1834.33,Expense
16-06-2021,Shopping,266.61,Expense
20-06-2021,Rent,626.07,Expense
20-06-2021,Health & Fitness,1628.24,Expense
22-06-2021,Rent,1295.59,Expense
23-06-2021,Health & Fitness,46.28,Expense
24-06-2021,Entertainment,690.05,Expense
26-06-2021,Entertainment,460.82,Expense
27-06-2021,Investment,2923,Income
28-06-2021,Rent,1020.3,Expense
28-06-2021,Food & Drink,1327.24,Expense
28-06-2021,Utilities,1198.52,Expense
28-06-2021,Investment,1856,Income
29-06-2021,Food & Drink,827.61,Expense
04-07-2021,Entertainment,1939.48,Expense
04-07-2021,Salary,475.67,Expense
04-07-2021,Salary,1808.91,Expense
06-07-2021,Other,4282,Income
07-07-2021,Shopping,1010.78,Expense
09-07-2021,Utilities,1635.61,Expense
09-07-2021,Utilities,1747.27,Expense
10-07-2021,Other,3540,Income
10-07-2021,Rent,1425.69,Expense
11-07-2021,Rent,577.28,Expense
11-07-2021,Travel,904.15,Expense
11-07-2021,Shopping,192.51,Expense
12-07-2021,Salary,1770.41,Expense
13-07-2021,Shopping,115.98,Expense
14-07-2021,Entertainment,778.47,Expense
15-07-2021,Investment,730,Income
19-07-2021,Rent,1679.96,Expense
19-07-2021,Utilities,283.82,Expense
23-07-2021,Salary,1395.18,Expense
23-07-2021,Other,4174,Income
24-07-2021,Rent,47.82,Expense
28-07-2021,Utilities,1102.12,Expense
29-07-2021,Shopping,231.26,Expense
02-08-2021,Travel,252.48,Expense
06-08-2021,Salary,134.99,Expense
07-08-2021,Salary,1197.51,Expense
07-08-2021,Investment,1676,Income
08-08-2021,Food & Drink,1233.47,Expense
09-08-2021,Shopping,382.75,Expense
11-08-2021,Health & Fitness,144.68,Expense
13-08-2021,Food & Drink,787,Expense
13-08-2021,Shopping,1962.27,Expense
15-08-2021,Food & Drink,720.62,Expense
16-08-2021,Investment,1349,Income
18-08-2021,Health & Fitness,275.49,Expense
20-08-2021,Health & Fitness,1628.88,Expense
21-08-2021,Other,4420,Income
21-08-2021,Utilities,135.57,Expense
22-08-2021,Salary,83.6,Expense
23-08-2021,Entertainment,1772.72,Expense
24-08-2021,Travel,1035.61,Expense
25-08-2021,Salary,514.09,Expense
27-08-2021,Entertainment,579.36,Expense
29-08-2021,Food & Drink,1732.94,Expense
05-09-2021,Rent,1600.69,Expense
06-09-2021,Shopping,1489.18,Expense
09-09-2021,Shopping,684.68,Expense
09-09-2021,Other,3509,Income
09-09-2021,Travel,1604.28,Expense
10-09-2021,Rent,866.91,Expense
11-09-2021,Utilities,1095.49,Expense
11-09-2021,Rent,662.56,Expense
11-09-2021,Salary,1209.22,Expense
11-09-2021,Salary,709.58,Expense
15-09-2021,Other,4063,Income
16-09-2021,Food & Drink,159.33,Expense
16-09-2021,Health & Fitness,1031.04,Expense
17-09-2021,Utilities,1906.05,Expense
17-09-2021,Other,785,Income
19-09-2021,Investment,3500,Income
19-09-2021,Food & Drink,1214.14,Expense
19-09-2021,Health & Fitness,750.31,Expense
19-09-2021,Utilities,1063.63,Expense
20-09-2021,Travel,506.73,Expense
21-09-2021,Investment,4588,Income
28-09-2021,Rent,530.94,Expense
01-10-2021,Salary,437,Expense
07-10-2021,Salary,408.35,Expense
08-10-2021,Investment,4203,Income
13-10-2021,Other,1219,Income
13-10-2021,Health & Fitness,1339,Expense
13-10-2021,Travel,1783.75,Expense
16-10-2021,Utilities,1589.46,Expense
20-10-2021,Rent,1970.41,Expense
21-10-2021,Entertainment,1582.84,Expense
22-10-2021,Other,4328,Income
24-10-2021,Utilities,1227.78,Expense
24-10-2021,Other,3761,Income
27-10-2021,Salary,1056.13,Expense
27-10-2021,Rent,259.4,Expense
30-10-2021,Rent,905.45,Expense
03-11-2021,Health & Fitness,265.39,Expense
04-11-2021,Utilities,1537.89,Expense
05-11-2021,Investment,1517,Income
05-11-2021,Travel,337.67,Expense
06-11-2021,Entertainment,698.59,Expense
07-11-2021,Travel,1693.41,Expense
10-11-2021,Travel,259.09,Expense
15-11-2021,Rent,1010.12,Expense
16-11-2021,Investment,1902,Income
17-11-2021,Health & Fitness,1686.63,Expense
18-11-2021,Food & Drink,171.63,Expense
18-11-2021,Travel,1305.75,Expense
19-11-2021,Shopping,1240.04,Expense
21-11-2021,Other,2974,Income
21-11-2021,Shopping,601.89,Expense
21-11-2021,Investment,1794,Income
23-11-2021,Salary,934.24,Expense
26-11-2021,Utilities,632.04,Expense
27-11-2021,Health & Fitness,1950.99,Expense
28-11-2021,Other,4718,Income
01-12-2021,Health & Fitness,491.06,Expense
02-12-2021,Other,2530,Income
03-12-2021,Investment,2877,Income
03-12-2021,Shopping,504.06,Expense
08-12-2021,Utilities,1628.82,Expense
09-12-2021,Health & Fitness,387.77,Expense
09-12-2021,Other,4585,Income
11-12-2021,Salary,56.12,Expense
12-12-2021,Salary,1933.71,Expense
13-12-2021,Health & Fitness,106.83,Expense
13-12-2021,Salary,578.64,Expense
15-12-2021,Investment,4030,Income
15-12-2021,Other,3496,Income
16-12-2021,Health & Fitness,100.03,Expense
19-12-2021,Investment,3469,Income
20-12-2021,Rent,778.83,Expense
20-12-2021,Travel,1652.37,Expense
23-12-2021,Rent,266.04,Expense
24-12-2021,Other,3277,Income
26-12-2021,Health & Fitness,1512.38,Expense
28-12-2021,Other,4596,Income
31-12-2021,Investment,1622,Income
01-01-2022,Salary,1043.47,Expense
03-01-2022,Investment,3186,Income
03-01-2022,Health & Fitness,333.38,Expense
03-01-2022,Travel,1191.51,Expense
04-01-2022,Salary,1420.39,Expense
05-01-2022,Food & Drink,743.03,Expense
06-01-2022,Shopping,1171.57,Expense
08-01-2022,Food & Drink,1197.85,Expense
09-01-2022,Entertainment,1445.59,Expense
13-01-2022,Utilities,1053.22,Expense
13-01-2022,Shopping,304.07,Expense
14-01-2022,Food & Drink,1149.41,Expense
16-01-2022,Entertainment,47.69,Expense
16-01-2022,Utilities,831.79,Expense
18-01-2022,Salary,1746.91,Expense
18-01-2022,Food & Drink,1414.49,Expense
21-01-2022,Health & Fitness,1996.26,Expense
21-01-2022,Shopping,634.37,Expense
22-01-2022,Other,4975,Income
23-01-2022,Travel,1224.05,Expense
24-01-2022,Investment,2785,Income
28-01-2022,Entertainment,1883.56,Expense
01-02-2022,Travel,1412.75,Expense
02-02-2022,Salary,640.91,Expense
05-02-2022,Travel,582.7,Expense
05-02-2022,Shopping,1792.56,Expense
06-02-2022,Health & Fitness,1909.67,Expense
08-02-2022,Travel,93.71,Expense
08-02-2022,Rent,699.26,Expense
09-02-2022,Travel,1497.2,Expense
10-02-2022,Travel,1866.72,Expense
10-02-2022,Utilities,227.36,Expense
10-02-2022,Entertainment,492.49,Expense
10-02-2022,Entertainment,1279.51,Expense
11-02-2022,Other,3205,Income
14-02-2022,Rent,1365.57,Expense
17-02-2022,Investment,3833,Income
17-02-2022,Salary,960.12,Expense
17-02-2022,Other,3131,Income
17-02-2022,Food & Drink,1816.79,Expense
18-02-2022,Investment,4883,Income
21-02-2022,Food & Drink,1827.33,Expense
22-02-2022,Investment,797,Income
22-02-2022,Shopping,1578.04,Expense
25-02-2022,Other,806,Income
27-02-2022,Investment,3244,Income
01-03-2022,Salary,1779.63,Expense
02-03-2022,Other,2735,Income
04-03-2022,Investment,3208,Income
05-03-2022,Other,2607,Income
07-03-2022,Food & Drink,1475.87,Expense
07-03-2022,Entertainment,359.23,Expense
12-03-2022,Shopping,1655.71,Expense
14-03-2022,Rent,807.66,Expense
17-03-2022,Investment,4411,Income
17-03-2022,Entertainment,23.59,Expense
18-03-2022,Salary,1509.98,Expense
18-03-2022,Travel,1169.1,Expense
18-03-2022,Travel,1310.83,Expense
20-03-2022,Food & Drink,1338.89,Expense
20-03-2022,Utilities,816.78,Expense
22-03-2022,Travel,1383.68,Expense
23-03-2022,Travel,741.41,Expense
23-03-2022,Utilities,961.58,Expense
24-03-2022,Health & Fitness,837.53,Expense
25-03-2022,Salary,1517.13,Expense
26-03-2022,Entertainment,1526.1,Expense
27-03-2022,Rent,1055.76,Expense
28-03-2022,Health & Fitness,165.42,Expense
28-03-2022,Food & Drink,1659.26,Expense
28-03-2022,Entertainment,1149.68,Expense
28-03-2022,Other,4762,Income
29-03-2022,Entertainment,1436.67,Expense
29-03-2022,Salary,1619.3,Expense
31-03-2022,Shopping,919.03,Expense
31-03-2022,Other,3024,Income
31-03-2022,Shopping,516.37,Expense
01-04-2022,Investment,1098,Income
01-04-2022,Other,1022,Income
01-04-2022,Food & Drink,1869.82,Expense
01-04-2022,Other,759,Income
02-04-2022,Utilities,1540.25,Expense
02-04-2022,Shopping,755.18,Expense
03-04-2022,Salary,1740.54,Expense
03-04-2022,Shopping,169.7,Expense
04-04-2022,Utilities,1310.53,Expense
05-04-2022,Utilities,1985.77,Expense
08-04-2022,Utilities,1458.44,Expense
09-04-2022,Food & Drink,1514.8,Expense
09-04-2022,Salary,1350.26,Expense
10-04-2022,Shopping,1648.49,Expense
10-04-2022,Health & Fitness,318.69,Expense
16-04-2022,Investment,763,Income
18-04-2022,Shopping,1233.7,Expense
18-04-2022,Food & Drink,488.93,Expense
21-04-2022,Investment,4157,Income
22-04-2022,Food & Drink,497.02,Expense
22-04-2022,Other,2419,Income
24-04-2022,Food & Drink,288.87,Expense
24-04-2022,Entertainment,1633.41,Expense
29-04-2022,Health & Fitness,1159.17,Expense
30-04-2022,Health & Fitness,481.44,Expense
02-05-2022,Entertainment,832.98,Expense
02-05-2022,Utilities,1255.73,Expense
03-05-2022,Salary,103.3,Expense
05-05-2022,Shopping,1573.75,Expense
05-05-2022,Shopping,822.44,Expense
06-05-2022,Utilities,1511.29,Expense
07-05-2022,Entertainment,608.47,Expense
07-05-2022,Salary,1830.33,Expense
07-05-2022,Shopping,1119,Expense
08-05-2022,Investment,2588,Income
08-05-2022,Rent,1845.23,Expense
09-05-2022,Rent,1075.91,Expense
09-05-2022,Food & Drink,544.24,Expense
11-05-2022,Food & Drink,1748.5,Expense
13-05-2022,Investment,4427,Income
13-05-2022,Health & Fitness,613.34,Expense
14-05-2022,Entertainment,1874.95,Expense
19-05-2022,Rent,1496.29,Expense
19-05-2022,Entertainment,1394.3,Expense
20-05-2022,Shopping,1831.1,Expense
20-05-2022,Travel,767.52,Expense
22-05-2022,Health & Fitness,623.76,Expense
23-05-2022,Salary,937.35,Expense
24-05-2022,Salary,1525.64,Expense
24-05-2022,Entertainment,747.7,Expense
25-05-2022,Entertainment,1485.09,Expense
27-05-2022,Other,2918,Income
28-05-2022,Other,2384,Income
29-05-2022,Entertainment,1003.61,Expense
29-05-2022,Health & Fitness,522.08,Expense
30-05-2022,Salary,927.05,Expense
30-05-2022,Health & Fitness,346.84,Expense
31-05-2022,Salary,376.26,Expense
01-06-2022,Food & Drink,1052.65,Expense
01-06-2022,Rent,1890.92,Expense
04-06-2022,Food & Drink,830.66,Expense
04-06-2022,Entertainment,145.26,Expense
06-06-2022,Investment,4642,Income
07-06-2022,Food & Drink,1239.49,Expense
07-06-2022,Salary,1321.98,Expense
11-06-2022,Other,597,Income
11-06-2022,Other,4888,Income
12-06-2022,Food & Drink,1009.41,Expense
12-06-2022,Shopping,1614.27,Expense
12-06-2022,Rent,1836.92,Expense
13-06-2022,Entertainment,391.94,Expense
17-06-2022,Health & Fitness,541.98,Expense
17-06-2022,Health & Fitness,1919,Expense
18-06-2022,Entertainment,1980.56,Expense
19-06-2022,Rent,1310.93,Expense
20-06-2022,Food & Drink,196.07,Expense
21-06-2022,Salary,121.67,Expense
21-06-2022,Investment,1177,Income
23-06-2022,Shopping,1293.37,Expense
23-06-2022,Rent,1790.63,Expense
25-06-2022,Entertainment,430.72,Expense
25-06-2022,Salary,549.48,Expense
26-06-2022,Travel,1799.63,Expense
26-06-2022,Food & Drink,366.92,Expense
30-06-2022,Food & Drink,1923.32,Expense
01-07-2022,Shopping,1858.46,Expense
02-07-2022,Entertainment,1137.72,Expense
04-07-2022,Health & Fitness,773.85,Expense
04-07-2022,Rent,1006.58,Expense
04-07-2022,Food & Drink,204.39,Expense
05-07-2022,Rent,687.78,Expense
06-07-2022,Shopping,1938.15,Expense
13-07-2022,Travel,1569.26,Expense
17-07-2022,Entertainment,718.06,Expense
17-07-2022,Shopping,379.62,Expense
17-07-2022,Shopping,180.53,Expense
18-07-2022,Entertainment,1429.09,Expense
18-07-2022,Investment,3612,Income
19-07-2022,Utilities,1481.91,Expense
20-07-2022,Rent,192.13,Expense
22-07-2022,Salary,726.24,Expense
25-07-2022,Utilities,183.72,Expense
27-07-2022,Shopping,215.55,Expense
27-07-2022,Investment,3157,Income
27-07-2022,Food & Drink,590.78,Expense
27-07-2022,Rent,1452.44,Expense
28-07-2022,Entertainment,1148.2,Expense
28-07-2022,Other,1888,Income
29-07-2022,Other,2698,Income
30-07-2022,Rent,342.74,Expense
31-07-2022,Travel,973.62,Expense
02-08-2022,Other,2520,Income
02-08-2022,Salary,1191.67,Expense
03-08-2022,Investment,1609,Income
04-08-2022,Shopping,671.11,Expense
06-08-2022,Health & Fitness,886.04,Expense
07-08-2022,Utilities,607.87,Expense
12-08-2022,Entertainment,963.23,Expense
13-08-2022,Other,3114,Income
15-08-2022,Salary,1935.85,Expense
15-08-2022,Health & Fitness,758.35,Expense
16-08-2022,Shopping,736.38,Expense
16-08-2022,Entertainment,1188.53,Expense
17-08-2022,Food & Drink,1906.48,Expense
18-08-2022,Entertainment,882.53,Expense
19-08-2022,Rent,1639.74,Expense
21-08-2022,Shopping,1349.23,Expense
21-08-2022,Other,2482,Income
22-08-2022,Utilities,1433.32,Expense
22-08-2022,Rent,903.64,Expense
23-08-2022,Shopping,1073.39,Expense
24-08-2022,Shopping,1091.85,Expense
26-08-2022,Health & Fitness,1406.25,Expense
26-08-2022,Rent,227.65,Expense
28-08-2022,Health & Fitness,341.01,Expense
29-08-2022,Shopping,1933.95,Expense
30-08-2022,Shopping,220.83,Expense
31-08-2022,Investment,4683,Income
31-08-2022,Entertainment,897.1,Expense
01-09-2022,Utilities,696.49,Expense
02-09-2022,Investment,2920,Income
03-09-2022,Rent,240.98,Expense
03-09-2022,Utilities,703.17,Expense
03-09-2022,Entertainment,1047.02,Expense
04-09-2022,Rent,881.95,Expense
04-09-2022,Health & Fitness,143.68,Expense
05-09-2022,Investment,685,Income
06-09-2022,Rent,1357.51,Expense
07-09-2022,Investment,4727,Income
08-09-2022,Investment,3211,Income
10-09-2022,Salary,471.39,Expense
11-09-2022,Utilities,380.91,Expense
11-09-2022,Shopping,68.09,Expense
12-09-2022,Entertainment,904.65,Expense
14-09-2022,Food & Drink,1412.42,Expense
15-09-2022,Rent,1158.92,Expense
15-09-2022,Utilities,737.93,Expense
17-09-2022,Investment,2649,Income
18-09-2022,Salary,1060.15,Expense
19-09-2022,Shopping,1226.5,Expense
19-09-2022,Health & Fitness,710.45,Expense
21-09-2022,Utilities,1629.34,Expense
23-09-2022,Travel,1838.18,Expense
26-09-2022,Utilities,633.24,Expense
26-09-2022,Rent,374.26,Expense
28-09-2022,Shopping,842.3,Expense
29-09-2022,Other,3965,Income
29-09-2022,Investment,1866,Income
30-09-2022,Utilities,382.33,Expense
01-10-2022,Food & Drink,1732.39,Expense
02-10-2022,Salary,281.7,Expense
03-10-2022,Salary,824.18,Expense
04-10-2022,Salary,982.51,Expense
04-10-2022,Investment,2306,Income
05-10-2022,Travel,457.44,Expense
08-10-2022,Salary,1135.64,Expense
10-10-2022,Salary,1103.96,Expense
12-10-2022,Investment,2694,Income
12-10-2022,Health & Fitness,1088.67,Expense
13-10-2022,Salary,1097.24,Expense
19-10-2022,Rent,1474.62,Expense
19-10-2022,Entertainment,602.44,Expense
20-10-2022,Salary,533,Expense
21-10-2022,Rent,883.75,Expense
22-10-2022,Entertainment,427.66,Expense
23-10-2022,Health & Fitness,1723.49,Expense
25-10-2022,Shopping,340.3,Expense
28-10-2022,Investment,2195,Income
30-10-2022,Health & Fitness,1069.24,Expense
31-10-2022,Utilities,654.07,Expense
03-11-2022,Travel,1149.74,Expense
04-11-2022,Rent,279.82,Expense
05-11-2022,Shopping,1838.35,Expense
07-11-2022,Utilities,1405.84,Expense
07-11-2022,Investment,3138,Income
09-11-2022,Shopping,984.02,Expense
10-11-2022,Travel,1259.35,Expense
13-11-2022,Rent,1270.92,Expense
14-11-2022,Rent,811.67,Expense
14-11-2022,Health & Fitness,914.84,Expense
15-11-2022,Food & Drink,1739.13,Expense
17-11-2022,Rent,1464.55,Expense
17-11-2022,Health & Fitness,1701.71,Expense
18-11-2022,Shopping,443.48,Expense
19-11-2022,Entertainment,994.48,Expense
21-11-2022,Travel,682.13,Expense
22-11-2022,Salary,1578.72,Expense
26-11-2022,Food & Drink,101.43,Expense
26-11-2022,Salary,42.4,Expense
28-11-2022,Utilities,888.16,Expense
28-11-2022,Other,2157,Income
01-12-2022,Utilities,1765.47,Expense
03-12-2022,Travel,195.75,Expense
04-12-2022,Rent,749.97,Expense
05-12-2022,Utilities,113.06,Expense
05-12-2022,Entertainment,864.17,Expense
07-12-2022,Investment,508,Income
12-12-2022,Rent,274.07,Expense
13-12-2022,Salary,28.48,Expense
15-12-2022,Rent,1976.43,Expense
16-12-2022,Utilities,960.62,Expense
18-12-2022,Rent,1464.22,Expense
22-12-2022,Other,3511,Income
28-12-2022,Utilities,771.61,Expense
30-12-2022,Utilities,1286.74,Expense
31-12-2022,Rent,1065.71,Expense
03-01-2023,Investment,4105,Income
04-01-2023,Entertainment,1259.88,Expense
04-01-2023,Other,4124,Income
06-01-2023,Rent,1794.22,Expense
09-01-2023,Investment,3645,Income
10-01-2023,Shopping,635.86,Expense
11-01-2023,Other,1190,Income
13-01-2023,Travel,1560.15,Expense
15-01-2023,Travel,418.84,Expense
16-01-2023,Entertainment,1498.21,Expense
17-01-2023,Food & Drink,1569.77,Expense
18-01-2023,Entertainment,994.83,Expense
19-01-2023,Other,1081,Income
19-01-2023,Food & Drink,1973.9,Expense
19-01-2023,Utilities,779.81,Expense
19-01-2023,Shopping,737.17,Expense
19-01-2023,Salary,1909.36,Expense
20-01-2023,Food & Drink,1178.85,Expense
21-01-2023,Investment,826,Income
21-01-2023,Shopping,1018.16,Expense
22-01-2023,Shopping,852.91,Expense
23-01-2023,Utilities,562.16,Expense
23-01-2023,Entertainment,1948.88,Expense
23-01-2023,Other,3700,Income
24-01-2023,Rent,627.24,Expense
24-01-2023,Entertainment,125.23,Expense
24-01-2023,Other,1450,Income
24-01-2023,Food & Drink,625.49,Expense
24-01-2023,Utilities,247.69,Expense
24-01-2023,Food & Drink,336.03,Expense
25-01-2023,Travel,342.26,Expense
26-01-2023,Other,1467,Income
27-01-2023,Food & Drink,676.67,Expense
27-01-2023,Rent,533.27,Expense
28-01-2023,Rent,997.33,Expense
29-01-2023,Food & Drink,1004.22,Expense
29-01-2023,Health & Fitness,323.05,Expense
30-01-2023,Rent,464.52,Expense
31-01-2023,Food & Drink,1718.79,Expense
31-01-2023,Investment,4364,Income
01-02-2023,Utilities,366.13,Expense
02-02-2023,Food & Drink,1110.2,Expense
03-02-2023,Shopping,456.79,Expense
06-02-2023,Health & Fitness,549.8,Expense
07-02-2023,Other,1478,Income
07-02-2023,Food & Drink,366.9,Expense
08-02-2023,Food & Drink,1908.62,Expense
08-02-2023,Other,2812,Income
09-02-2023,Travel,661.33,Expense
12-02-2023,Food & Drink,744.15,Expense
13-02-2023,Travel,1481.76,Expense
15-02-2023,Health & Fitness,1187.46,Expense
16-02-2023,Entertainment,1467.6,Expense
18-02-2023,Entertainment,309.63,Expense
20-02-2023,Food & Drink,473.67,Expense
20-02-2023,Food & Drink,1902.47,Expense
22-02-2023,Other,3019,Income
22-02-2023,Investment,3939,Income
24-02-2023,Food & Drink,1945.39,Expense
26-02-2023,Other,1262,Income
26-02-2023,Investment,4757,Income
26-02-2023,Health & Fitness,922.33,Expense
28-02-2023,Rent,1015.8,Expense
03-03-2023,Shopping,158.91,Expense
03-03-2023,Shopping,1328.26,Expense
05-03-2023,Other,2638,Income
05-03-2023,Shopping,1404.44,Expense
05-03-2023,Health & Fitness,910.99,Expense
07-03-2023,Entertainment,280.86,Expense
08-03-2023,Rent,319.27,Expense
08-03-2023,Other,3072,Income
08-03-2023,Health & Fitness,1929.62,Expense
08-03-2023,Travel,932.06,Expense
10-03-2023,Rent,323.65,Expense
10-03-2023,Food & Drink,437.89,Expense
12-03-2023,Utilities,191.51,Expense
13-03-2023,Health & Fitness,798.53,Expense
13-03-2023,Other,2631,Income
13-03-2023,Utilities,71.85,Expense
15-03-2023,Salary,1116.35,Expense
15-03-2023,Rent,929.47,Expense
16-03-2023,Utilities,251.69,Expense
16-03-2023,Investment,1570,Income
18-03-2023,Other,3549,Income
18-03-2023,Rent,1168.82,Expense
21-03-2023,Rent,53.38,Expense
22-03-2023,Other,1555,Income
23-03-2023,Other,1503,Income
23-03-2023,Other,914,Income
23-03-2023,Other,3735,Income
24-03-2023,Shopping,1369.59,Expense
27-03-2023,Investment,2033,Income
29-03-2023,Salary,1768.01,Expense
30-03-2023,Investment,2917,Income
31-03-2023,Salary,131.35,Expense
31-03-2023,Utilities,844.28,Expense
01-04-2023,Entertainment,1265.2,Expense
01-04-2023,Food & Drink,1978.91,Expense
04-04-2023,Health & Fitness,964.57,Expense
07-04-2023,Health & Fitness,1826.23,Expense
08-04-2023,Shopping,548.17,Expense
09-04-2023,Investment,740,Income
10-04-2023,Travel,126.6,Expense
10-04-2023,Health & Fitness,1536.02,Expense
13-04-2023,Utilities,209.27,Expense
15-04-2023,Travel,1072.04,Expense
16-04-2023,Food & Drink,1530.46,Expense
20-04-2023,Shopping,716.06,Expense
20-04-2023,Utilities,360.44,Expense
21-04-2023,Health & Fitness,1828.82,Expense
22-04-2023,Other,1664,Income
22-04-2023,Entertainment,1675.03,Expense
23-04-2023,Salary,1088.83,Expense
24-04-2023,Investment,1239,Income
25-04-2023,Investment,663,Income
02-05-2023,Food & Drink,670.15,Expense
02-05-2023,Utilities,688.11,Expense
03-05-2023,Other,987,Income
05-05-2023,Investment,1408,Income
05-05-2023,Health & Fitness,1921.51,Expense
05-05-2023,Shopping,1176.17,Expense
07-05-2023,Health & Fitness,281.54,Expense
12-05-2023,Other,4491,Income
14-05-2023,Utilities,1417.29,Expense
14-05-2023,Health & Fitness,454.24,Expense
14-05-2023,Utilities,762.98,Expense
15-05-2023,Travel,263.42,Expense
15-05-2023,Shopping,1703.01,Expense
16-05-2023,Food & Drink,372.34,Expense
17-05-2023,Entertainment,1282.9,Expense
18-05-2023,Other,1652,Income
19-05-2023,Rent,483.61,Expense
20-05-2023,Utilities,1276.01,Expense
20-05-2023,Health & Fitness,898.79,Expense
20-05-2023,Entertainment,1389.42,Expense
22-05-2023,Rent,1443.62,Expense
22-05-2023,Other,3937,Income
22-05-2023,Shopping,991.23,Expense
25-05-2023,Shopping,211.84,Expense
28-05-2023,Entertainment,333.69,Expense
29-05-2023,Investment,2915,Income
29-05-2023,Other,1357,Income
30-05-2023,Investment,3575,Income
02-06-2023,Investment,4981,Income
03-06-2023,Rent,682.52,Expense
04-06-2023,Salary,1411.96,Expense
05-06-2023,Utilities,1218.56,Expense
08-06-2023,Food & Drink,211.5,Expense
08-06-2023,Entertainment,824.47,Expense
09-06-2023,Travel,1324.59,Expense
09-06-2023,Rent,108.77,Expense
10-06-2023,Salary,315.64,Expense
10-06-2023,Shopping,184.38,Expense
13-06-2023,Salary,407.35,Expense
15-06-2023,Investment,2890,Income
16-06-2023,Salary,1689.1,Expense
16-06-2023,Shopping,947.18,Expense
17-06-2023,Travel,191.36,Expense
17-06-2023,Utilities,748.33,Expense
19-06-2023,Utilities,897.09,Expense
21-06-2023,Salary,534.17,Expense
22-06-2023,Food & Drink,310.75,Expense
22-06-2023,Rent,180.56,Expense
23-06-2023,Shopping,1941.7,Expense
25-06-2023,Food & Drink,1683.19,Expense
25-06-2023,Shopping,1931.6,Expense
25-06-2023,Salary,1149.7,Expense
26-06-2023,Travel,167.12,Expense
30-06-2023,Food & Drink,1009.18,Expense
01-07-2023,Utilities,249.36,Expense
02-07-2023,Utilities,1898.63,Expense
05-07-2023,Investment,2078,Income
05-07-2023,Other,1141,Income
06-07-2023,Shopping,411.82,Expense
07-07-2023,Utilities,1669.88,Expense
07-07-2023,Rent,183.18,Expense
10-07-2023,Health & Fitness,1714.68,Expense
10-07-2023,Food & Drink,1575.24,Expense
10-07-2023,Shopping,233.91,Expense
10-07-2023,Investment,1365,Income
11-07-2023,Rent,1573.63,Expense
13-07-2023,Health & Fitness,1757.01,Expense
15-07-2023,Salary,1148.33,Expense
15-07-2023,Utilities,558.07,Expense
15-07-2023,Other,817,Income
15-07-2023,Health & Fitness,1384.12,Expense
15-07-2023,Other,2700,Income
16-07-2023,Food & Drink,682.35,Expense
17-07-2023,Travel,567.89,Expense
18-07-2023,Rent,1945.27,Expense
19-07-2023,Travel,1948.7,Expense
19-07-2023,Health & Fitness,546.15,Expense
20-07-2023,Rent,383.99,Expense
21-07-2023,Shopping,1484.48,Expense
23-07-2023,Health & Fitness,1643.82,Expense
25-07-2023,Utilities,140.58,Expense
26-07-2023,Shopping,279.94,Expense
27-07-2023,Food & Drink,355.74,Expense
27-07-2023,Entertainment,1675.58,Expense
30-07-2023,Salary,110.61,Expense
01-08-2023,Entertainment,555.22,Expense
04-08-2023,Shopping,1274.47,Expense
05-08-2023,Investment,2481,Income
07-08-2023,Salary,363.39,Expense
07-08-2023,Health & Fitness,695.06,Expense
09-08-2023,Travel,1500.43,Expense
09-08-2023,Travel,64.63,Expense
10-08-2023,Investment,2313,Income
10-08-2023,Entertainment,545.48,Expense
11-08-2023,Food & Drink,1730.61,Expense
16-08-2023,Food & Drink,953.45,Expense
17-08-2023,Investment,569,Income
17-08-2023,Travel,1428.35,Expense
21-08-2023,Travel,853.38,Expense
22-08-2023,Health & Fitness,923.41,Expense
23-08-2023,Travel,1357.62,Expense
25-08-2023,Shopping,1173.13,Expense
27-08-2023,Other,2815,Income
30-08-2023,Rent,968.66,Expense
30-08-2023,Travel,1284.78,Expense
30-08-2023,Travel,1315.68,Expense
30-08-2023,Travel,384.84,Expense
01-09-2023,Entertainment,1800.38,Expense
01-09-2023,Shopping,1324.46,Expense
03-09-2023,Food & Drink,1314.25,Expense
04-09-2023,Travel,1814.75,Expense
04-09-2023,Food & Drink,1170.22,Expense
04-09-2023,Entertainment,692.9,Expense
07-09-2023,Salary,1813.99,Expense
10-09-2023,Travel,1692.38,Expense
11-09-2023,Utilities,594.63,Expense
11-09-2023,Travel,1453.12,Expense
12-09-2023,Utilities,1894.38,Expense
12-09-2023,Rent,452.28,Expense
13-09-2023,Travel,846.74,Expense
14-09-2023,Health & Fitness,528.51,Expense
14-09-2023,Rent,946.37,Expense
14-09-2023,Rent,949.72,Expense
15-09-2023,Investment,3626,Income
15-09-2023,Shopping,117.58,Expense
16-09-2023,Utilities,1984.77,Expense
16-09-2023,Salary,295.02,Expense
21-09-2023,Utilities,1560.09,Expense
21-09-2023,Utilities,633.69,Expense
23-09-2023,Other,2740,Income
24-09-2023,Utilities,1156.8,Expense
28-09-2023,Investment,1560,Income
29-09-2023,Shopping,812.75,Expense
03-10-2023,Shopping,19.29,Expense
04-10-2023,Health & Fitness,1900.64,Expense
04-10-2023,Entertainment,45.65,Expense
05-10-2023,Investment,2353,Income
06-10-2023,Health & Fitness,631.06,Expense
08-10-2023,Other,1868,Income
08-10-2023,Investment,2942,Income
08-10-2023,Salary,1458.39,Expense
09-10-2023,Health & Fitness,872.99,Expense
09-10-2023,Utilities,692.04,Expense
11-10-2023,Health & Fitness,1502.73,Expense
13-10-2023,Other,656,Income
14-10-2023,Utilities,430.27,Expense
14-10-2023,Investment,1508,Income
15-10-2023,Food & Drink,756.63,Expense
15-10-2023,Food & Drink,1191.91,Expense
16-10-2023,Investment,661,Income
17-10-2023,Investment,3914,Income
17-10-2023,Rent,1099.09,Expense
27-10-2023,Utilities,418.93,Expense
27-10-2023,Food & Drink,609.22,Expense
29-10-2023,Travel,1249.37,Expense
30-10-2023,Shopping,1663,Expense
30-10-2023,Investment,2815,Income
04-11-2023,Investment,4577,Income
05-11-2023,Investment,2654,Income
08-11-2023,Entertainment,722.26,Expense
08-11-2023,Utilities,88.42,Expense
08-11-2023,Entertainment,1379.53,Expense
09-11-2023,Entertainment,15.45,Expense
09-11-2023,Rent,1672.11,Expense
11-11-2023,Utilities,1899.4,Expense
11-11-2023,Rent,1449.89,Expense
13-11-2023,Other,2393,Income
14-11-2023,Travel,535.61,Expense
14-11-2023,Investment,823,Income
15-11-2023,Health & Fitness,1605.18,Expense
17-11-2023,Rent,199.05,Expense
18-11-2023,Food & Drink,29.25,Expense
21-11-2023,Investment,3192,Income
21-11-2023,Salary,1910.63,Expense
22-11-2023,Rent,751.52,Expense
23-11-2023,Rent,807.55,Expense
23-11-2023,Travel,1673.06,Expense
26-11-2023,Salary,1601.8,Expense
26-11-2023,Utilities,234.98,Expense
26-11-2023,Food & Drink,1963.32,Expense
26-11-2023,Rent,837.9,Expense
27-11-2023,Salary,370.71,Expense
27-11-2023,Health & Fitness,1226.6,Expense
28-11-2023,Utilities,971.33,Expense
28-11-2023,Shopping,886.97,Expense
29-11-2023,Other,601,Income
05-12-2023,Entertainment,1956.01,Expense
05-12-2023,Health & Fitness,1043.01,Expense
06-12-2023,Rent,871.37,Expense
08-12-2023,Salary,698.04,Expense
09-12-2023,Shopping,305.82,Expense
09-12-2023,Food & Drink,33.17,Expense
10-12-2023,Salary,1705.22,Expense
11-12-2023,Rent,1505.35,Expense
13-12-2023,Health & Fitness,1940.59,Expense
14-12-2023,Investment,3601,Income
14-12-2023,Entertainment,166.87,Expense
18-12-2023,Salary,185.16,Expense
20-12-2023,Health & Fitness,246.23,Expense
21-12-2023,Food & Drink,214.26,Expense
22-12-2023,Food & Drink,1653.56,Expense
23-12-2023,Travel,1781.32,Expense
25-12-2023,Salary,1901.21,Expense
26-12-2023,Food & Drink,1635.01,Expense
27-12-2023,Health & Fitness,1124.7,Expense
29-12-2023,Salary,1436.15,Expense
29-12-2023,Salary,236.91,Expense
29-12-2023,Entertainment,14.37,Expense
02-01-2024,Travel,1099.9,Expense
02-01-2024,Rent,101.1,Expense
04-01-2024,Investment,3852,Income
04-01-2024,Investment,2036,Income
07-01-2024,Other,2266,Income
09-01-2024,Entertainment,1436.41,Expense
09-01-2024,Other,880,Income
10-01-2024,Rent,1546.57,Expense
11-01-2024,Utilities,1928.07,Expense
11-01-2024,Investment,4045,Income
11-01-2024,Salary,1849.5,Expense
12-01-2024,Utilities,1386.72,Expense
13-01-2024,Investment,1348,Income
14-01-2024,Health & Fitness,1013.18,Expense
15-01-2024,Entertainment,554.46,Expense
16-01-2024,Travel,911.16,Expense
16-01-2024,Other,4696,Income
16-01-2024,Health & Fitness,1426.63,Expense
17-01-2024,Entertainment,409.77,Expense
19-01-2024,Travel,1376.36,Expense
19-01-2024,Utilities,1962.86,Expense
19-01-2024,Utilities,1012.75,Expense
19-01-2024,Health & Fitness,1423.6,Expense
20-01-2024,Salary,1169.78,Expense
22-01-2024,Shopping,1351.74,Expense
23-01-2024,Travel,1756.18,Expense
24-01-2024,Food & Drink,1050.23,Expense
25-01-2024,Investment,934,Income
26-01-2024,Entertainment,541.29,Expense
26-01-2024,Travel,1369.95,Expense
26-01-2024,Investment,2917,Income
27-01-2024,Food & Drink,723.78,Expense
28-01-2024,Entertainment,1487.4,Expense
30-01-2024,Entertainment,1026.74,Expense
01-02-2024,Travel,1388.94,Expense
06-02-2024,Other,3674,Income
07-02-2024,Health & Fitness,1932.01,Expense
07-02-2024,Other,2163,Income
10-02-2024,Salary,1661.67,Expense
10-02-2024,Health & Fitness,1512.66,Expense
10-02-2024,Entertainment,1554.53,Expense
14-02-2024,Travel,903.14,Expense
14-02-2024,Rent,382.08,Expense
15-02-2024,Investment,3590,Income
16-02-2024,Other,2664,Income
17-02-2024,Other,546,Income
19-02-2024,Utilities,89.48,Expense
21-02-2024,Food & Drink,1549.59,Expense
21-02-2024,Travel,986.2,Expense
21-02-2024,Health & Fitness,155.03,Expense
22-02-2024,Entertainment,1914.41,Expense
23-02-2024,Utilities,837.7,Expense
23-02-2024,Rent,705.31,Expense
24-02-2024,Health & Fitness,668.82,Expense
24-02-2024,Salary,1993.3,Expense
25-02-2024,Food & Drink,238.3,Expense
27-02-2024,Entertainment,1809.95,Expense
27-02-2024,Entertainment,1918.2,Expense
27-02-2024,Health & Fitness,768.93,Expense
28-02-2024,Rent,777.89,Expense
29-02-2024,Travel,59.16,Expense
02-03-2024,Health & Fitness,1033.48,Expense
03-03-2024,Salary,97.26,Expense
05-03-2024,Entertainment,647.42,Expense
05-03-2024,Investment,1871,Income
06-03-2024,Food & Drink,1257.6,Expense
06-03-2024,Entertainment,1731.25,Expense
06-03-2024,Rent,419.1,Expense
07-03-2024,Shopping,1296.66,Expense
07-03-2024,Utilities,57.27,Expense
08-03-2024,Food & Drink,184.17,Expense
11-03-2024,Other,1077,Income
13-03-2024,Entertainment,1822.86,Expense
15-03-2024,Salary,1264.13,Expense
16-03-2024,Food & Drink,785.11,Expense
18-03-2024,Investment,1018,Income
26-03-2024,Food & Drink,1404.76,Expense
27-03-2024,Investment,2874,Income
28-03-2024,Travel,1217.07,Expense
29-03-2024,Salary,769.01,Expense
30-03-2024,Food & Drink,953.24,Expense
30-03-2024,Utilities,1496.04,Expense
03-04-2024,Travel,1920.67,Expense
04-04-2024,Other,591,Income
06-04-2024,Utilities,255.24,Expense
07-04-2024,Other,4900,Income
08-04-2024,Rent,616.34,Expense
09-04-2024,Health & Fitness,431.36,Expense
09-04-2024,Utilities,330.3,Expense
10-04-2024,Travel,396.71,Expense
10-04-2024,Investment,4996,Income
11-04-2024,Rent,588.4,Expense
13-04-2024,Investment,2117,Income
16-04-2024,Salary,1903.56,Expense
17-04-2024,Entertainment,209.09,Expense
17-04-2024,Entertainment,642.39,Expense
17-04-2024,Travel,1389.98,Expense
18-04-2024,Other,3091,Income
20-04-2024,Utilities,19.62,Expense
21-04-2024,Entertainment,1427.28,Expense
22-04-2024,Travel,1681.82,Expense
23-04-2024,Other,4431,Income
25-04-2024,Health & Fitness,1551.79,Expense
26-04-2024,Rent,359.78,Expense
26-04-2024,Travel,1718.84,Expense
30-04-2024,Investment,2656,Income
02-05-2024,Rent,1457.58,Expense
03-05-2024,Food & Drink,1627.16,Expense
04-05-2024,Entertainment,1813.54,Expense
04-05-2024,Salary,1311.28,Expense
05-05-2024,Other,2329,Income
05-05-2024,Travel,276.42,Expense
14-05-2024,Rent,799.6,Expense
15-05-2024,Entertainment,1697.48,Expense
17-05-2024,Utilities,1516.84,Expense
20-05-2024,Investment,1967,Income
22-05-2024,Utilities,1474.48,Expense
23-05-2024,Health & Fitness,90.44,Expense
25-05-2024,Entertainment,135.09,Expense
26-05-2024,Food & Drink,1340.49,Expense
27-05-2024,Health & Fitness,782.31,Expense
27-05-2024,Food & Drink,89.41,Expense
31-05-2024,Rent,1410.44,Expense
01-06-2024,Travel,1671.4,Expense
02-06-2024,Utilities,759.55,Expense
02-06-2024,Rent,1038.16,Expense
03-06-2024,Entertainment,1037.58,Expense
04-06-2024,Health & Fitness,978.85,Expense
06-06-2024,Food & Drink,1008.66,Expense
07-06-2024,Investment,2384,Income
09-06-2024,Other,2232,Income
10-06-2024,Investment,3467,Income
12-06-2024,Rent,1325.61,Expense
13-06-2024,Health & Fitness,1443.31,Expense
13-06-2024,Salary,963.25,Expense
14-06-2024,Shopping,54.67,Expense
15-06-2024,Investment,1603,Income
16-06-2024,Food & Drink,1782.69,Expense
17-06-2024,Investment,2615,Income
21-06-2024,Shopping,1202.72,Expense
21-06-2024,Food & Drink,1758.23,Expense
22-06-2024,Travel,1895.04,Expense
23-06-2024,Salary,1735.93,Expense
23-06-2024,Other,1669,Income
23-06-2024,Utilities,1250.19,Expense
23-06-2024,Utilities,1451.13,Expense
23-06-2024,Salary,1197.1,Expense
01-07-2024,Other,3657,Income
05-07-2024,Investment,2157,Income
06-07-2024,Shopping,1654.76,Expense
07-07-2024,Utilities,956.98,Expense
07-07-2024,Food & Drink,1756.73,Expense
07-07-2024,Rent,195.45,Expense
07-07-2024,Food & Drink,1794.97,Expense
13-07-2024,Shopping,1048.87,Expense
13-07-2024,Food & Drink,1398.31,Expense
16-07-2024,Salary,1581.22,Expense
20-07-2024,Rent,856.72,Expense
21-07-2024,Entertainment,1821.07,Expense
22-07-2024,Other,2611,Income
23-07-2024,Investment,4780,Income
23-07-2024,Investment,3572,Income
25-07-2024,Health & Fitness,823.6,Expense
26-07-2024,Other,2577,Income
26-07-2024,Shopping,1133.69,Expense
26-07-2024,Shopping,1512.39,Expense
26-07-2024,Salary,365.65,Expense
27-07-2024,Salary,515.02,Expense
27-07-2024,Health & Fitness,1550.65,Expense
27-07-2024,Utilities,1711.45,Expense
28-07-2024,Entertainment,898.72,Expense
28-07-2024,Utilities,209.55,Expense
29-07-2024,Health & Fitness,1603.7,Expense
29-07-2024,Food & Drink,329.87,Expense
29-07-2024,Food & Drink,1610.7,Expense
30-07-2024,Salary,1852.46,Expense
30-07-2024,Rent,533.55,Expense
01-08-2024,Food & Drink,1451.74,Expense
02-08-2024,Shopping,1231.79,Expense
02-08-2024,Food & Drink,1891.97,Expense
03-08-2024,Salary,883.55,Expense
03-08-2024,Travel,397.55,Expense
08-08-2024,Entertainment,1234.23,Expense
09-08-2024,Health & Fitness,486.12,Expense
11-08-2024,Investment,1211,Income
14-08-2024,Shopping,712.72,Expense
14-08-2024,Entertainment,1040.31,Expense
14-08-2024,Rent,1839.16,Expense
15-08-2024,Health & Fitness,701.48,Expense
22-08-2024,Entertainment,1216.66,Expense
23-08-2024,Other,538,Income
25-08-2024,Shopping,1017.41,Expense
25-08-2024,Travel,686.53,Expense
25-08-2024,Other,4906,Income
27-08-2024,Travel,1391.44,Expense
27-08-2024,Salary,1542.23,Expense
28-08-2024,Salary,1366.37,Expense
28-08-2024,Food & Drink,969.12,Expense
28-08-2024,Shopping,1270.99,Expense
30-08-2024,Entertainment,1602.32,Expense
01-09-2024,Health & Fitness,1037.84,Expense
02-09-2024,Other,2533,Income
05-09-2024,Shopping,1350.66,Expense
05-09-2024,Rent,1113.56,Expense
05-09-2024,Other,3396,Income
05-09-2024,Travel,373.74,Expense
06-09-2024,Entertainment,1003.01,Expense
07-09-2024,Investment,2674,Income
08-09-2024,Entertainment,1671.53,Expense
10-09-2024,Health & Fitness,320.43,Expense
13-09-2024,Investment,4535,Income
15-09-2024,Food & Drink,1697.54,Expense
16-09-2024,Health & Fitness,989.76,Expense
17-09-2024,Travel,986.7,Expense
17-09-2024,Travel,801.78,Expense
17-09-2024,Utilities,117.75,Expense
18-09-2024,Salary,1879.91,Expense
21-09-2024,Other,3725,Income
22-09-2024,Utilities,919.82,Expense
23-09-2024,Other,3085,Income
24-09-2024,Food & Drink,1351.47,Expense
25-09-2024,Rent,657.62,Expense
26-09-2024,Travel,382.43,Expense
26-09-2024,Travel,947.98,Expense
27-09-2024,Health & Fitness,375.99,Expense
27-09-2024,Shopping,1404.42,Expense
01-10-2024,Shopping,566.46,Expense
01-10-2024,Investment,2372,Income
02-10-2024,Travel,1610.13,Expense
02-10-2024,Shopping,400.17,Expense
03-10-2024,Utilities,951.24,Expense
04-10-2024,Other,4592,Income
04-10-2024,Other,4486,Income
07-10-2024,Food & Drink,802.82,Expense
08-10-2024,Food & Drink,438.78,Expense
09-10-2024,Rent,905.21,Expense
10-10-2024,Health & Fitness,727.01,Expense
10-10-2024,Travel,694.84,Expense
11-10-2024,Health & Fitness,1736.06,Expense
12-10-2024,Entertainment,1157.94,Expense
15-10-2024,Utilities,1958.95,Expense
17-10-2024,Health & Fitness,1349.65,Expense
17-10-2024,Salary,1780.37,Expense
18-10-2024,Travel,932.87,Expense
19-10-2024,Utilities,1284.76,Expense
19-10-2024,Shopping,1266.23,Expense
21-10-2024,Rent,167.43,Expense
21-10-2024,Health & Fitness,640.59,Expense
21-10-2024,Travel,1214.72,Expense
23-10-2024,Salary,1564.14,Expense
24-10-2024,Salary,833.84,Expense
28-10-2024,Investment,1524,Income
01-11-2024,Travel,1881.47,Expense
02-11-2024,Rent,429.04,Expense
03-11-2024,Rent,136.95,Expense
03-11-2024,Food & Drink,62.47,Expense
11-11-2024,Rent,216.82,Expense
11-11-2024,Rent,1313.12,Expense
12-11-2024,Travel,466.42,Expense
13-11-2024,Salary,1256.7,Expense
13-11-2024,Investment,734,Income
13-11-2024,Other,3164,Income
13-11-2024,Salary,1950.21,Expense
14-11-2024,Travel,1101.61,Expense
14-11-2024,Investment,4240,Income
16-11-2024,Shopping,1051.69,Expense
17-11-2024,Travel,1818.76,Expense
17-11-2024,Entertainment,1611.37,Expense
17-11-2024,Health & Fitness,830.29,Expense
17-11-2024,Investment,500,Income
18-11-2024,Utilities,694.33,Expense
18-11-2024,Food & Drink,1378.66,Expense
19-11-2024,Salary,606.22,Expense
20-11-2024,Travel,1198.04,Expense
20-11-2024,Health & Fitness,385.26,Expense
22-11-2024,Shopping,795.56,Expense
23-11-2024,Other,3599,Income
24-11-2024,Rent,850.26,Expense
24-11-2024,Travel,576.51,Expense
24-11-2024,Travel,831.68,Expense
25-11-2024,Utilities,281.88,Expense
25-11-2024,Other,4209,Income
25-11-2024,Salary,383.7,Expense
26-11-2024,Investment,4882,Income
29-11-2024,Investment,2811,Income
30-11-2024,Salary,1456.94,Expense
02-12-2024,Utilities,39.3,Expense
05-12-2024,Shopping,630.04,Expense
06-12-2024,Health & Fitness,932.73,Expense
09-12-2024,Health & Fitness,169.64,Expense
11-12-2024,Utilities,121.52,Expense
12-12-2024,Rent,1090.95,Expense
12-12-2024,Other,3625,Income
15-12-2024,Rent,1949.45,Expense
16-12-2024,Shopping,1544.74,Expense
19-12-2024,Food & Drink,406.37,Expense
19-12-2024,Rent,1047.07,Expense
21-12-2024,Salary,784.35,Expense
23-12-2024,Health & Fitness,325.64,Expense
28-12-2024,Rent,514.09,Expense
28-12-2024,Entertainment,727.25,Expense
28-12-2024,Investment,1425,Income
29-12-2024,Shopping,655.78,Expense
29-12-2024,Other,1480,Income
